날짜,영향을 받은 페이지
2025-12-23,766
2025-12-24,771
2025-12-25,771
2025-12-26,771
2025-12-27,771
2025-12-28,771
2025-12-29,771
2025-12-30,771
2025-12-31,771
2026-01-01,771
2026-01-02,771
2026-01-03,771
2026-01-04,781
2026-01-05,781
2026-01-06,781
2026-01-07,783
2026-01-08,783
2026-01-09,783
2026-01-10,783
2026-01-11,782
2026-01-12,782
2026-01-13,782
2026-01-14,788
2026-01-15,788
2026-01-16,788
2026-01-17,788
2026-01-18,787
2026-01-19,787
2026-01-20,787
2026-01-21,788
2026-01-22,788
2026-01-23,788
2026-01-24,788
2026-01-25,797
2026-01-26,797
2026-01-27,797
2026-01-28,798
2026-01-29,798
2026-01-30,798
2026-01-31,798
2026-02-01,797
2026-02-02,797
2026-02-03,797
2026-02-04,793
2026-02-05,793
2026-02-06,793
2026-02-07,793
2026-02-08,795
2026-02-09,795
2026-02-10,795
2026-02-11,792
2026-02-12,792
2026-02-13,792
2026-02-14,792
2026-02-15,791
2026-02-16,791
2026-02-17,791
2026-02-18,669
2026-02-19,669
2026-02-20,669
2026-02-21,669
2026-02-22,632
2026-02-23,632
2026-02-24,632
2026-02-25,616
2026-02-26,616
2026-02-27,616
2026-02-28,616
2026-03-01,616
2026-03-02,616
2026-03-03,616
2026-03-04,468
2026-03-05,468
2026-03-06,468
2026-03-07,468
2026-03-08,372
2026-03-09,372
2026-03-10,372
2026-03-11,343
2026-03-12,343
2026-03-13,343
2026-03-14,343
2026-03-15,343
2026-03-16,336
2026-03-17,336